{
    "nodes": {
        "0": {
            "attenuation": 1.0,
            "channel": 2,
            "links": {},
            "position": [
                0.30483749508857727,
                601.86871337890625
            ],
            "type": 1
        },
        "1": {
            "attenuation": 1.0,
            "channel": 1,
            "links": {},
            "position": [
                497.96893310546875,
                611.822021484375
            ],
            "type": 1
        },
        "10": {
            "attenuation": 1.0,
            "channel": -1,
            "links": {},
            "position": [
                0.30483749508857727,
                900.4671630859375
            ],
            "type": 4
        },
        "11": {
            "attenuation": 1.0,
            "channel": -1,
            "links": {},
            "position": [
                682.10467529296875,
                790.9810791015625
            ],
            "type": 4
        },
        "12": {
            "attenuation": 1.0,
            "channel": -1,
            "links": {},
            "position": [
                -651.6351318359375,
                810.88763427734375
            ],
            "type": 4
        },
        "13": {
            "attenuation": 1.0,
            "channel": -1,
            "links": {},
            "position": [
                836.3804931640625,
                472.47604370117188
            ],
            "type": 4
        },
        "14": {
            "attenuation": 1.0,
            "channel": -1,
            "links": {},
            "position": [
                911.03009033203125,
                -179.46394348144531
            ],
            "type": 4
        },
        "15": {
            "attenuation": 1.0,
            "channel": -1,
            "links": {},
            "position": [
                876.19366455078125,
                -667.1748046875
            ],
            "type": 4
        },
        "16": {
            "attenuation": 1.0,
            "channel": -1,
            "links": {},
            "position": [
                0.30483749508857727,
                -846.333740234375
            ],
            "type": 4
        },
        "17": {
            "attenuation": 1.0,
            "channel": -1,
            "links": {},
            "position": [
                562.665283203125,
                -801.5440673828125
            ],
            "type": 4
        },
        "18": {
            "attenuation": 1.0,
            "channel": -1,
            "links": {},
            "position": [
                -596.89208984375,
                -796.5673828125
            ],
            "type": 4
        },
        "19": {
            "attenuation": 1.0,
            "channel": -1,
            "links": {},
            "position": [
                -925.35040283203125,
                -622.385009765625
            ],
            "type": 4
        },
        "2": {
            "attenuation": 1.0,
            "channel": 0,
            "links": {},
            "position": [
                -502.33590698242188,
                606.8453369140625
            ],
            "type": 1
        },
        "20": {
            "attenuation": 1.0,
            "channel": -1,
            "links": {},
            "position": [
                -900.4671630859375,
                -119.74422454833984
            ],
            "type": 4
        },
        "21": {
            "attenuation": 1.0,
            "channel": -1,
            "links": {},
            "position": [
                -805.9110107421875,
                457.546142578125
            ],
            "type": 4
        },
        "22": {
            "attenuation": 1.0,
            "channel": -1,
            "links": {
                "0": {
                    "targetnode": 0,
                    "weight": 1.0
                },
                "1": {
                    "targetnode": 1,
                    "weight": 1.0
                },
                "2": {
                    "targetnode": 2,
                    "weight": 1.0
                },
                "3": {
                    "targetnode": 4,
                    "weight": 1.0
                },
                "4": {
                    "targetnode": 5,
                    "weight": 1.0
                },
                "5": {
                    "targetnode": 6,
                    "weight": 1.0
                },
                "6": {
                    "targetnode": 7,
                    "weight": 1.0
                },
                "7": {
                    "targetnode": 8,
                    "weight": 1.0
                },
                "8": {
                    "targetnode": 9,
                    "weight": 1.0
                }
            },
            "position": [
                0.30484771728515625,
                104.20461273193359
            ],
            "type": 2
        },
        "23": {
            "attenuation": 1.0,
            "channel": 3,
            "links": {
                "0": {
                    "targetnode": 0,
                    "weight": 1.0
                },
                "1": {
                    "targetnode": 1,
                    "weight": 1.0
                },
                "2": {
                    "targetnode": 2,
                    "weight": 1.0
                },
                "3": {
                    "targetnode": 4,
                    "weight": 1.0
                },
                "4": {
                    "targetnode": 5,
                    "weight": 1.0
                }
            },
            "position": [
                -865.63067626953125,
                -896.1002197265625
            ],
            "type": 3
        },
        "4": {
            "attenuation": 1.0,
            "channel": 3,
            "links": {},
            "position": [
                -706.378173828125,
                -488.01565551757812
            ],
            "type": 1
        },
        "5": {
            "attenuation": 1.0,
            "channel": 4,
            "links": {},
            "position": [
                692.05792236328125,
                -492.9923095703125
            ],
            "type": 1
        },
        "6": {
            "attenuation": 1.0,
            "channel": 11,
            "links": {},
            "position": [
                -606.8453369140625,
                99.227981567382812
            ],
            "type": 1
        },
        "7": {
            "attenuation": 1.0,
            "channel": 12,
            "links": {},
            "position": [
                702.01123046875,
                104.20462036132812
            ],
            "type": 1
        },
        "8": {
            "attenuation": 1.0,
            "channel": 13,
            "links": {},
            "position": [
                -303.270263671875,
                -592.52508544921875
            ],
            "type": 1
        },
        "9": {
            "attenuation": 1.0,
            "channel": 14,
            "links": {},
            "position": [
                303.87997436523438,
                -607.45501708984375
            ],
            "type": 1
        }
    },
    "sets": {
        "0": [
            0,
            10,
            2
        ],
        "1": [
            0,
            10,
            1
        ],
        "10": [
            22,
            8,
            4
        ],
        "11": [
            1,
            11,
            10
        ],
        "12": [
            1,
            11,
            13
        ],
        "13": [
            13,
            1,
            7
        ],
        "14": [
            7,
            13,
            14
        ],
        "15": [
            14,
            7,
            5
        ],
        "16": [
            5,
            14,
            15
        ],
        "17": [
            5,
            15,
            17
        ],
        "18": [
            17,
            5,
            9
        ],
        "19": [
            17,
            9,
            16
        ],
        "2": [
            1,
            0,
            22
        ],
        "20": [
            16,
            9,
            8
        ],
        "21": [
            8,
            16,
            18
        ],
        "22": [
            18,
            8,
            4
        ],
        "23": [
            18,
            4,
            19
        ],
        "24": [
            4,
            19,
            20
        ],
        "25": [
            20,
            4,
            6
        ],
        "26": [
            20,
            6,
            21
        ],
        "27": [
            21,
            6,
            2
        ],
        "28": [
            21,
            12,
            2
        ],
        "29": [
            2,
            12,
            10
        ],
        "3": [
            0,
            22,
            2
        ],
        "4": [
            6,
            22,
            4
        ],
        "5": [
            6,
            22,
            2
        ],
        "6": [
            22,
            7,
            1
        ],
        "7": [
            22,
            7,
            5
        ],
        "8": [
            9,
            22,
            5
        ],
        "9": [
            22,
            9,
            8
        ]
    }
}